id,name,age
1.0,Alice,30.0
2.0,Bob,31.664571684760254
3.0,Charlie,25.0
4.0,David,36.69599641335644
5.0,Eve,31.67399910333911
